entity,ref_distribution,std_ref,avg_ref
http://www.wikidata.org/entity/Q1074069,"[1, 8, 1, 1, 2, 8, 1, 5]",2.9553976043842223,3.375
http://www.wikidata.org/entity/Q1133078,"[2, 2, 4, 1, 5, 3, 1, 1, 2, 2, 1, 5, 3, 4, 2]",1.3597385369580761,2.533333333333333
http://www.wikidata.org/entity/Q1132695,"[1, 4, 1, 14, 1, 10, 3, 10, 1, 3, 2, 2, 9, 1, 6, 4, 2, 2, 1, 1, 2, 2]",3.620419591225432,3.727272727272727
http://www.wikidata.org/entity/Q10940,"[3, 1, 5, 7, 15, 3, 1, 2, 3, 12, 1, 3, 3, 3, 10]",4.150501977672901,4.8
http://www.wikidata.org/entity/Q11122366,"[5, 1, 1, 6, 27, 46, 7, 17, 8, 5, 5, 4, 6, 5, 1, 1, 1, 18]",11.229370660553455,9.11111111111111
http://www.wikidata.org/entity/Q1140845,"[3, 5, 2, 2, 14, 24, 3, 2, 6, 5, 1, 3, 2, 1, 1, 1, 12, 4, 2, 2, 4]",5.443588252359328,4.714285714285714
http://www.wikidata.org/entity/Q1142035,"[9, 5, 2, 1, 1, 11, 9, 17, 44, 9, 42, 5, 165, 2, 19, 165, 66, 7, 43, 1, 7, 4, 16, 2, 5, 14, 1, 4, 38, 19, 10, 16, 11, 5, 29, 32]",37.56484106116539,23.22222222222222
http://www.wikidata.org/entity/Q10892,"[1, 1, 3, 2, 5, 1, 1, 1, 3, 9, 2, 34, 1, 18, 3, 2, 24, 6, 3, 7, 47, 51, 1, 20, 3, 8, 2, 13, 18, 3, 1, 8, 1, 2, 6, 6, 25, 3, 4, 6, 4, 2, 1, 2, 3, 1, 10, 54, 1, 3, 3, 8, 7, 11, 2, 4, 3, 1, 6, 3, 8, 1, 1, 6, 24, 1, 2, 1, 1, 8, 14, 7, 1]",11.111168240715497,7.657534246575342
http://www.wikidata.org/entity/Q11417,"[9, 1, 26, 1, 1, 7, 5, 3, 6, 1, 1, 23, 1, 1, 6, 16, 6, 52, 14, 27, 11, 4, 40, 12, 3, 18, 11, 19, 1, 2, 7, 1, 10, 6, 8, 3, 13, 1, 3, 9, 7, 6, 1, 6, 1, 6, 1, 2, 8, 3, 18, 1, 86, 5, 17, 2, 6, 2, 9]",13.877599293008746,9.76271186440678
http://www.wikidata.org/entity/Q11436,"[2, 3, 1, 4, 3, 9, 3, 14, 29, 11, 24, 1, 1, 12, 101, 49, 18, 38, 1, 35, 6, 6, 5, 1, 6, 23, 4, 2, 3, 5, 1, 4, 2, 1, 4, 1, 1, 5, 1, 3, 1, 1, 9, 1, 5, 13, 4, 13, 3, 34, 4, 4, 2, 1, 41, 2, 4, 4, 1, 8, 2, 3, 4, 4, 4, 1, 4, 4, 16, 4]",15.252728093220382,9.2
http://www.wikidata.org/entity/Q11453,"[2, 12, 1, 8, 19, 2, 6, 1, 2, 22, 11, 1, 27, 1, 13, 3, 10, 108, 33, 8, 8, 40, 3, 9, 51, 1, 1, 8, 3, 32, 3, 2, 2, 1, 5, 33, 20, 1, 5, 4, 2, 1, 1, 4, 1, 3, 12, 3, 2, 28, 7, 15, 2, 1, 2, 17, 1, 27, 2, 3, 21, 4, 3, 53, 7, 34, 2, 16, 3, 1, 26]",16.860019745548158,11.633802816901408
http://www.wikidata.org/entity/Q118865,"[9, 1, 1, 33, 3, 7, 50, 6, 6]",16.01002772184736,12.88888888888889
http://www.wikidata.org/entity/Q1107,"[81, 2, 26, 1, 25, 1, 32, 2, 18, 41, 7, 31, 1, 3, 129, 1, 1, 7, 11, 5, 129, 13, 3, 7, 155, 17, 6, 2, 5, 36, 2, 1, 16, 1, 1, 10, 246, 17, 5, 2, 2, 38, 3, 2, 1, 41, 1, 6, 3, 111, 11, 14, 18, 1, 16, 27, 44, 46, 91, 1, 2, 1, 8, 26, 1, 24, 36, 2, 115, 1, 2, 57, 38, 17, 2, 423, 5, 1]",61.15793809886768,29.96153846153846
http://www.wikidata.org/entity/Q124619225,"[17]",0.0,17.0
http://www.wikidata.org/entity/Q11254,"[5, 14, 4, 5, 4, 1, 73, 1, 1, 1, 22, 1, 1, 9, 3, 104, 1, 26, 1, 37, 1, 3, 1, 57, 14, 47, 1, 105, 34, 86, 35, 31, 63, 36, 96, 9, 9, 5, 1, 16, 1, 18, 1, 28, 1, 5, 7, 8, 9, 5, 8, 4, 22, 4, 6, 5, 8, 1, 1, 5, 37, 10, 12, 21, 6, 21, 1, 5, 1, 58, 21, 93, 7, 4, 11, 4, 1, 1, 103, 9, 12, 4, 11, 32, 1, 1, 1, 110]",28.126225868601182,19.420454545454547
http://www.wikidata.org/entity/Q11955,"[1, 1, 2, 1, 4, 1, 1, 1, 1]",0.9558139185602919,1.4444444444444444
http://www.wikidata.org/entity/Q1255562,"[1, 16, 2, 4, 12, 9, 7, 11]",4.892596447695231,7.75
http://www.wikidata.org/entity/Q12494,"[8, 1, 3, 6, 8, 1, 3, 5, 4, 15, 3, 8, 12, 4, 7, 1, 8, 5, 2, 2]",3.661966684720111,5.3
http://www.wikidata.org/entity/Q1294605,"[22, 11, 8, 2, 1, 1, 1, 18, 5, 3]",7.180529228406497,7.2
http://www.wikidata.org/entity/Q11707,"[5, 4, 1, 6, 4, 1, 2, 7, 33, 78, 2, 19, 1, 1, 10, 24, 21, 4, 8, 3, 9, 1, 1, 1, 24, 1, 9, 1, 5, 1, 5, 2, 4, 8, 6, 6, 3, 17, 7, 3, 1, 3, 28, 8, 3, 3, 3, 2, 3, 62, 1, 24]",14.491721264470296,9.403846153846153
http://www.wikidata.org/entity/Q11442,"[1, 1, 3, 1, 8, 2, 18, 6, 5, 4, 20, 1, 1, 3, 1, 15, 2, 8, 1, 2, 1, 35, 59, 1, 1, 18, 41, 6, 11, 41, 1, 1, 55, 2, 1, 7, 1, 1, 4, 3, 5, 2, 8, 9, 49, 4, 1, 3, 9, 1, 16, 12, 5, 2, 1, 41, 55, 1, 11, 3, 2, 3, 23, 1, 7, 8, 1, 9, 2, 1, 63, 37, 5, 8, 5, 2, 53, 3, 1, 1, 1, 4, 1, 1, 2, 4, 50, 1, 42, 14, 3, 94, 2, 12, 4, 23, 1, 4, 89, 1, 15, 9]",19.034401463190253,12.186274509803921
http://www.wikidata.org/entity/Q130898,"[7, 7, 4, 9, 6, 7, 6]",1.3997084244475304,6.571428571428571
http://www.wikidata.org/entity/Q11629,"[1, 3, 3, 3, 1, 11, 2, 5, 37, 2, 4, 2, 2, 1, 48, 1, 32, 1, 1, 18, 43, 19, 6, 5, 3, 43, 1, 5, 5, 3, 3, 1, 3, 1, 1, 4, 1, 1, 2, 5, 1, 2, 1, 1, 1, 9, 2, 25, 2, 3, 1, 1, 1, 11, 10, 54, 2, 19, 3, 2, 2, 27, 18, 3, 4, 6, 21, 1, 16, 2, 1, 3, 11]",12.148576673054528,8.205479452054794
http://www.wikidata.org/entity/Q130857,"[5, 3, 1, 1, 2, 5, 6, 3, 17, 1, 84, 1, 1, 2, 7, 2, 2, 4, 5, 1, 2, 12, 21, 1, 1, 1, 2, 15, 1, 3, 7, 1, 4, 3, 8, 1, 5, 4, 17]",13.494440864807272,6.717948717948718
http://www.wikidata.org/entity/Q13178,"[55, 43, 1, 53, 6, 4, 3, 1, 5, 3, 3, 33, 19, 5, 2, 4, 6, 1, 34, 17, 4, 2, 6, 1, 1, 18]",16.360762702668165,12.692307692307692
http://www.wikidata.org/entity/Q134426,"[3, 4, 13, 1]",4.602988159880492,5.25
http://www.wikidata.org/entity/Q12024,"[1, 8, 2, 1, 1, 3, 3, 5, 3, 11, 149, 1, 4, 1, 3, 18, 3, 10, 78, 13, 9, 1, 15, 1, 1, 1, 8, 3, 2, 1, 2, 2, 1, 2, 27, 2, 2, 4, 4, 1, 1, 1, 8, 2, 8, 23, 1, 1, 1, 4, 2, 4, 52, 4, 1, 14, 1, 2, 3, 1, 9, 8, 3, 1, 2, 6, 1, 12, 8, 9, 4, 2, 7, 1, 6]",19.808640090178383,8.266666666666667
http://www.wikidata.org/entity/Q12516,"[1, 1, 1, 3, 4, 31, 18, 9, 2, 67, 1, 2, 4, 6, 19, 1, 44, 33, 60, 1, 17, 11, 8, 2, 63, 1, 7, 5, 4, 1, 24, 2, 1, 2, 1, 3, 1, 2, 2, 6, 7, 1, 1, 3, 5, 2, 1, 2, 46, 27, 7, 1, 9, 2, 25, 1, 8, 1, 15, 23, 6, 1, 1, 13, 3, 2, 15, 1, 39, 1, 14]",15.376373129736285,10.619718309859154
http://www.wikidata.org/entity/Q11639,"[8, 3, 1, 3, 2, 1, 4, 3, 12, 8, 4, 13, 6, 2, 1, 6, 18, 3, 1, 10, 25, 30, 5, 6, 2, 1, 3, 30, 5, 1, 5, 6, 1, 5, 36, 13, 1, 1, 7, 14, 1, 1, 60, 1, 2, 9, 6, 1, 5, 7, 1, 3, 7, 1, 14, 20, 1, 5, 1, 2, 3, 1, 2, 8, 5, 3, 17, 1, 2, 16, 1, 2, 1, 1]",9.645742994994894,6.986486486486487
http://www.wikidata.org/entity/Q1377546,"[16, 8, 56, 7]",20.07952937695503,21.75
http://www.wikidata.org/entity/Q1371394,"[6, 2, 7, 32, 4, 2, 5, 2]",9.433981132056603,7.5
http://www.wikidata.org/entity/Q127552,"[2, 26, 6, 171, 3, 2, 2, 6, 3, 149, 2, 18, 3, 1, 205, 9, 8, 1, 5, 110, 2, 15, 42, 8, 5, 5, 18, 30, 16, 2, 1, 8, 41, 2, 30, 2, 3, 19, 5, 14, 9, 4, 131, 9, 21, 4, 3, 1, 3, 2, 1, 4, 3, 3, 3, 79, 1, 49]",43.48953979227233,22.93103448275862
http://www.wikidata.org/entity/Q1350189,"[4, 1, 5, 120, 1, 1, 1, 28]",38.711876407634904,20.125
http://www.wikidata.org/entity/Q139932,"[2, 4, 4, 2, 2, 1, 1]",1.1605769149479943,2.2857142857142856
http://www.wikidata.org/entity/Q14924,"[4]",0.0,4.0
http://www.wikidata.org/entity/Q1365,"[14, 5, 5, 3, 16, 12, 6, 13, 10, 3, 3, 1, 1]",5.0300869920836355,7.076923076923077
http://www.wikidata.org/entity/Q131165,"[13, 4, 7, 2, 62, 2, 7, 8, 8, 3, 1, 5, 16, 3, 2, 1, 33, 2, 7, 3, 11, 3, 3, 1, 41, 13, 23, 4, 6, 35, 8, 4, 3, 18, 1, 4, 1, 5, 6, 2, 1, 104, 2, 2, 9, 5, 8, 2, 5, 3, 3, 3, 5, 1, 4, 45]",17.45379286012303,10.410714285714286
http://www.wikidata.org/entity/Q132137,"[2, 2, 1, 23, 2, 72, 3, 60, 2, 26, 4, 11, 27, 1, 2, 1, 1, 2, 9, 1, 7, 1, 3, 4, 1, 1, 2, 1, 1, 2, 15, 3, 2, 23, 4, 2, 8, 6, 1, 46, 2, 3, 7, 3, 1, 1, 7, 1]",14.920565133026594,8.541666666666666
http://www.wikidata.org/entity/Q1509703,"[10, 11, 6, 1, 15, 15, 4, 2, 1, 6, 4, 3, 1, 1]",4.89064079103534,5.714285714285714
http://www.wikidata.org/entity/Q1503157,"[12, 14, 6, 5, 14, 8, 24, 3, 17, 1, 11, 14, 2, 2, 26, 1, 2, 1, 3]",7.614681838487084,8.736842105263158
http://www.wikidata.org/entity/Q1552567,"[3, 6, 4, 3, 3]",1.16619037896906,3.8
http://www.wikidata.org/entity/Q145234,"[3, 31, 14, 1, 1, 3, 2, 24, 3, 1, 10, 1]",9.711104754638143,7.833333333333333
http://www.wikidata.org/entity/Q15647884,"[4, 9, 16, 3, 9]",4.621688003316537,8.2
http://www.wikidata.org/entity/Q15761,"[1, 3, 14, 2, 1, 3, 1, 4, 5]",3.8522079607466035,3.7777777777777777
http://www.wikidata.org/entity/Q1568338,"[1, 2, 10, 30, 9, 1, 8, 2, 11, 2, 16]",8.34781111509018,8.363636363636363
http://www.wikidata.org/entity/Q1453,"[9, 8, 3, 6, 3, 8, 1, 1, 121, 117, 1, 10, 3, 12, 17, 9, 4, 7, 11, 4, 6, 1, 5, 3, 1, 56, 10, 1, 4, 3, 15, 18]",28.594074451711144,14.9375
http://www.wikidata.org/entity/Q154996,"[7, 9, 2, 12, 16, 10, 17, 9, 9, 1, 8, 6, 2, 1, 2, 7, 2, 1, 2, 1, 7, 56, 16, 12, 4, 2, 4]",10.540925533894598,8.333333333333334
http://www.wikidata.org/entity/Q156316,"[8, 1, 1, 37, 9, 2, 3, 1, 1, 1, 4, 3, 5, 1, 2, 1, 14, 1, 2, 1, 2, 1, 1, 9, 3, 2]",7.265465040072845,4.461538461538462
http://www.wikidata.org/entity/Q1604035,"[1, 5, 6, 1]",2.277608394786075,3.25
http://www.wikidata.org/entity/Q15964121,"[3, 8, 1, 3, 1, 1]",2.4776781245530843,2.8333333333333335
http://www.wikidata.org/entity/Q157906,"[1, 3, 1, 2, 18, 12, 9, 6, 5, 2, 1, 3, 3, 6, 1, 2, 15, 2, 2, 1, 2, 1]",4.7263985205658035,4.454545454545454
http://www.wikidata.org/entity/Q15783,"[3, 6, 1, 14, 4, 28, 4, 21, 3, 3, 1, 1, 5, 71, 2, 2, 4, 38, 13, 1, 2, 4, 5, 1, 2, 5, 1, 3, 2, 2, 7, 8, 2]",13.751300130535784,8.151515151515152
http://www.wikidata.org/entity/Q1628649,"[1, 9, 1, 92, 3, 3, 9]",30.83795699842541,16.857142857142858
http://www.wikidata.org/entity/Q1661080,"[7, 4, 5, 13, 14, 3, 2, 8]",4.183300132670378,7.0
http://www.wikidata.org/entity/Q17045537,"[5, 4, 4]",0.4714045207910317,4.333333333333333
http://www.wikidata.org/entity/Q1706696,"[3, 3, 5, 3]",0.8660254037844386,3.5
http://www.wikidata.org/entity/Q158852,"[5, 7, 1, 2, 4, 1, 1, 23, 21, 7, 1, 1, 6, 19, 1, 1, 7, 2, 1, 2, 1, 2, 1, 6, 1, 2, 39, 1, 1, 3, 2]",8.431273235181335,5.548387096774194
http://www.wikidata.org/entity/Q17084639,"[20, 19, 29, 30, 22, 2, 11, 17, 12, 18, 4, 18]",8.203996316159312,16.833333333333332
http://www.wikidata.org/entity/Q1344,"[36, 9, 2, 1, 114, 1, 1, 5, 8, 4, 3, 17, 8, 80, 17, 12, 6, 8, 12, 24, 10, 8, 1, 1, 1, 2, 3, 1, 6, 1, 2, 14, 46, 3, 80, 2, 11, 1, 1, 2, 1, 2, 52, 1, 5, 6, 1, 4, 1, 2, 8, 1, 14, 2, 1, 3, 2, 1, 3, 23, 1, 1, 4, 1, 27]",20.647987996025755,11.246153846153845
http://www.wikidata.org/entity/Q15786,"[3, 2, 4, 3, 3, 3, 1, 1, 17, 3, 19, 4, 1, 1, 1, 1, 1, 1, 4, 1, 9, 5, 4, 1, 2, 1, 2, 1, 9, 1, 1, 2, 2, 3]",4.152895350522036,3.4411764705882355
http://www.wikidata.org/entity/Q169325,"[1, 1, 60, 4, 9, 6, 5, 94, 3, 24, 29, 2, 1, 1, 5, 4, 2, 5, 3, 4, 19, 6, 5, 24, 2]",21.028133535813396,12.76
http://www.wikidata.org/entity/Q17563,"[6]",0.0,6.0
http://www.wikidata.org/entity/Q1750272,"[4, 2, 7, 1, 11, 4, 4, 2]",3.0388114452858046,4.375
http://www.wikidata.org/entity/Q172582,"[4, 1, 2, 2, 43, 1, 5, 2, 2, 1, 5, 1, 6, 2, 1, 6]",9.908960591303208,5.25
http://www.wikidata.org/entity/Q178406,"[1]",0.0,1.0
http://www.wikidata.org/entity/Q1772945,"[2, 1, 13, 20, 4, 2, 1, 19, 13, 6, 6, 1, 3, 1]",6.565214453186318,6.571428571428571
http://www.wikidata.org/entity/Q175122,"[4, 4, 5, 7, 14, 6, 2, 1, 6, 1, 2, 13, 2, 1, 1, 12, 4, 1]",4.144012488660337,4.777777777777778
http://www.wikidata.org/entity/Q180449,"[1, 1, 11, 9, 1, 9, 1, 1, 8, 10, 10]",4.291063171347616,5.636363636363637
http://www.wikidata.org/entity/Q162875,"[1, 8, 2, 3, 1, 1, 3, 43, 15, 2, 3, 1, 1, 3, 1, 1, 1, 1, 1, 2, 1, 5, 1, 1, 3, 2, 1, 3, 1, 1, 1, 3, 1, 1, 4, 2]",7.162735786738003,3.4722222222222223
http://www.wikidata.org/entity/Q1792450,"[16, 27, 68, 73, 2, 24, 30, 3, 2]",25.30163709142499,27.22222222222222
http://www.wikidata.org/entity/Q182370,"[1, 27, 9, 27, 3]",11.412274094149685,13.4
http://www.wikidata.org/entity/Q161439,"[3, 7, 1, 4, 1, 1, 11, 4, 11, 2, 5, 7, 13, 83, 2, 32, 10, 8, 6, 8, 20, 5, 2, 3, 9, 11, 40, 3, 4, 1, 1, 1, 1, 8, 3, 2, 22, 5, 8, 7, 2, 1, 1, 13, 65, 1, 1, 7, 2, 4, 2, 2]",15.097611394604286,9.153846153846153
http://www.wikidata.org/entity/Q182361,"[22, 6, 4, 9, 6, 7, 1, 3, 7, 11, 16]",5.788275410811493,8.363636363636363
http://www.wikidata.org/entity/Q172964,"[4, 3, 1, 5, 22, 6, 12, 6, 4, 1, 3, 2, 1, 2, 3, 1, 4, 2, 3, 2, 5, 1, 1]",4.529257962819275,4.086956521739131
http://www.wikidata.org/entity/Q18702,"[26, 19, 1, 12, 5, 19, 10, 1, 15]",8.151346173758322,12.0
http://www.wikidata.org/entity/Q187120,"[1, 7, 1, 8, 3, 3, 5]",2.5634797778466227,4.0
http://www.wikidata.org/entity/Q184781,"[3, 1, 9, 44, 24, 1, 3, 3, 4, 35]",15.000333329629711,12.7
http://www.wikidata.org/entity/Q177764,"[1, 1, 5, 3, 8, 7, 36, 2, 161, 1, 16, 4, 14, 1, 36, 13, 1, 3, 3, 6, 36, 2, 7, 1, 2, 2, 2, 1, 2, 1, 1, 10, 10, 21, 3, 3, 16, 1, 9, 7, 1]",25.478362120580126,11.21951219512195
http://www.wikidata.org/entity/Q182357,"[2, 4, 1, 1, 2, 32, 5, 1, 11, 2, 1, 12, 1, 1, 3, 1, 32, 1, 2, 1, 4, 2, 2, 1, 4, 2, 3, 2, 2, 8, 2, 1, 7]",7.447890599368743,4.7272727272727275
http://www.wikidata.org/entity/Q192150,"[1, 1, 5, 2, 12, 1, 1, 9, 1, 1, 3, 2, 4, 1, 2, 2, 1, 1, 3, 3, 2, 14]",3.5825564536796417,3.272727272727273
http://www.wikidata.org/entity/Q188907,"[4, 1, 33, 1, 1, 5, 2, 33, 2, 34, 1, 16, 2, 10, 2, 1, 1, 7, 13, 4, 4, 1, 1, 1, 5, 5, 3, 3, 2, 2, 7, 6, 1, 12, 1, 2, 5, 3, 4, 2, 14, 1]",8.42776428742248,6.142857142857143
http://www.wikidata.org/entity/Q18240,"[1, 10, 4, 1, 7, 6, 12, 2, 1, 1, 7, 95, 9, 2, 86, 31, 24, 2, 2, 6, 4, 40, 2, 5, 33, 1, 3, 4, 3, 27, 3, 1, 4, 1, 6, 2, 1, 16, 5, 1, 14, 2, 3, 8, 1, 4, 13]",19.091592626300226,10.97872340425532
http://www.wikidata.org/entity/Q194285,"[3, 1, 2, 1, 22, 4, 22, 22, 11, 4, 1, 6, 1, 69, 8, 1, 3, 1, 2, 19, 1, 22, 1, 11, 1]",14.397444217638073,9.56
http://www.wikidata.org/entity/Q200751,"[3, 5, 2, 1, 3, 4, 2]",1.2453996981544782,2.857142857142857
http://www.wikidata.org/entity/Q2095595,"[9, 9, 2]",3.299831645537222,6.666666666666667
http://www.wikidata.org/entity/Q203827,"[4, 1, 4, 5, 7, 6, 5, 3, 3, 7, 6, 6, 1, 4]",1.8789923482808437,4.428571428571429
http://www.wikidata.org/entity/Q192185,"[1, 6, 7, 2, 4, 1, 4, 3, 7, 17, 211, 4, 1, 5, 1, 1, 2, 6, 2, 5, 2, 1, 1, 9, 2, 10, 12, 5, 2, 3, 2, 2, 5, 4]",35.11454316758958,10.294117647058824
http://www.wikidata.org/entity/Q194363,"[5, 4, 7, 7, 2, 52, 8, 5, 1, 18, 19, 73, 25, 4, 13, 19, 5, 3, 18, 4, 4, 4, 2, 9, 8, 3, 8, 4, 6, 2, 12, 1, 12, 16, 6, 1, 8, 5, 5, 11]",13.448024947924509,10.475
http://www.wikidata.org/entity/Q2185917,"[13, 8, 6]",2.943920288775949,9.0
http://www.wikidata.org/entity/Q220011,"[2, 12]",5.0,7.0
http://www.wikidata.org/entity/Q207241,"[1, 1, 1, 2, 1, 2, 1, 1, 2, 2, 1, 9, 1, 1, 1, 1, 1, 1, 1, 2, 1, 1, 17, 9, 1, 4, 1, 1, 3, 2]",3.3732608687868906,2.433333333333333
http://www.wikidata.org/entity/Q211367,"[3, 2, 7, 1, 3, 8, 25, 2, 2, 27, 1, 7, 3, 12, 1, 1, 1, 4, 3, 4, 1, 1, 6, 3, 3, 2, 3, 2, 3, 1]",6.207164319468986,4.733333333333333
http://www.wikidata.org/entity/Q2278256,"[10, 1, 1, 1, 3, 3, 2, 1]",2.8613807855648994,2.75
http://www.wikidata.org/entity/Q222344,"[3, 1, 1, 2, 3, 1, 2, 5, 2, 3, 5, 1, 8, 1, 3, 4, 3, 2, 3, 1, 1, 3, 2, 4, 1, 2, 2]",1.5947444549341472,2.5555555555555554
http://www.wikidata.org/entity/Q224644,"[6, 5, 1, 4, 82, 1, 16, 1, 3, 1, 1, 3, 6, 3, 1]",19.881202735806056,8.933333333333334
http://www.wikidata.org/entity/Q22865,"[1, 25, 9, 1, 1, 4, 2, 1, 1, 1]",7.213875518748574,4.6
http://www.wikidata.org/entity/Q216153,"[5, 11, 7, 4, 3, 4, 3, 4, 3, 1, 4, 1, 7, 1, 1, 3, 2, 3, 27, 2, 68, 1, 26, 7, 2, 3, 1, 2, 1, 8, 1, 81, 3, 16, 16, 9, 3, 1, 2, 9, 1, 19, 2]",15.86946481349446,8.790697674418604
http://www.wikidata.org/entity/Q2321,"[4, 6, 1, 2]",1.920286436967152,3.25
http://www.wikidata.org/entity/Q229724,"[6, 9, 20, 5, 21, 26, 3, 8, 3, 1, 8, 3, 2, 17, 12, 1, 11, 17, 34, 9, 15, 11, 9, 1, 4, 4, 4, 2]",8.13502129244733,9.5
http://www.wikidata.org/entity/Q231302,"[1, 2, 4, 3, 9, 2, 1, 1, 42, 3, 48, 4, 2, 5, 3, 32, 7, 19, 11, 2, 3, 4, 9, 10, 7, 5, 3, 3, 8, 2, 2, 6]",11.252039745641676,8.21875
http://www.wikidata.org/entity/Q216929,"[8, 7, 2, 1, 1, 5, 1, 3, 3, 1, 1, 1, 7, 40, 2, 2, 3, 1, 1, 1, 1, 1, 2, 3, 7, 2, 1, 2, 1, 1, 2, 2, 2, 1, 1, 1, 5, 2, 8, 9, 7, 4, 5, 39, 1, 4, 1, 1, 2, 1, 1, 5, 6, 7, 1, 2, 2, 2]",7.068292650903111,4.068965517241379
http://www.wikidata.org/entity/Q1968,"[2, 7, 3, 7, 6, 13, 62, 3, 3, 3, 161, 9, 49, 380, 4, 52, 15, 85, 176, 8, 12, 2, 21, 1, 5, 84, 45, 21, 24, 6, 1, 41, 37, 1, 1, 1, 7, 1, 106, 9, 34, 3, 7, 42, 3, 7, 5, 3, 18, 2, 3, 37, 5, 2, 11, 7, 187, 4, 8, 7, 12, 1, 6, 3]",59.655241200873334,29.546875
http://www.wikidata.org/entity/Q23565,"[5, 4, 44, 11, 4, 2, 1, 2, 2, 10, 2, 19, 1]",11.476758093266625,8.23076923076923
http://www.wikidata.org/entity/Q233591,"[3, 2, 1, 7, 8, 6, 10, 6, 13, 7, 1, 1, 2, 13, 22, 1, 5, 2, 7, 1, 2, 5, 1, 5, 1, 1, 2, 2, 1, 2]",4.73521089522127,4.666666666666667
http://www.wikidata.org/entity/Q19546,"[1, 50, 1, 7, 2, 5, 2, 3, 1, 1, 1, 2, 4, 3, 49, 3, 6, 1, 4, 41, 7, 55, 8, 7, 2, 1, 9, 1, 2, 8, 4, 4, 2, 59, 3, 3, 4, 6, 65, 3, 8, 1, 17, 1, 19, 13, 2, 5, 2, 3, 3, 1, 2, 3, 41, 6, 13, 1, 1, 13, 1, 3, 8, 4, 12, 7, 12, 14, 3, 10, 2, 2, 2, 15, 45, 2, 1, 12, 2, 2, 53, 10, 9, 2, 15]",14.930593751012898,9.91764705882353
http://www.wikidata.org/entity/Q2425502,"[4, 2, 15, 10, 4, 2, 7, 9, 36, 1, 1, 2, 11, 4]",8.867505458764855,7.714285714285714
http://www.wikidata.org/entity/Q15,"[2, 3, 1, 34, 7, 83, 7, 168, 178, 12, 2, 12, 1, 1, 11, 1, 2, 2, 14, 1, 2, 10, 15, 1, 18, 8, 18, 1, 7, 55, 2, 1, 81, 10, 4, 21, 48, 5, 9, 12, 42, 101, 5, 1, 39, 25, 1, 39, 6, 11, 38, 10, 17, 56, 1, 8, 57, 34, 7, 1, 3, 8, 6, 42, 4, 34, 3, 2, 31, 37, 2, 35, 1, 3, 12, 1, 4, 31, 1, 9, 56, 13, 7, 6, 14, 2, 8, 10, 3, 5, 1, 5, 11, 14, 13, 1, 10, 22, 11, 9, 8, 1, 88, 3, 13, 6, 5, 25, 1, 3, 10, 2, 1, 7, 8, 6, 1, 1, 2, 1, 28, 66, 9, 2, 192, 45, 4, 3, 9, 1, 34, 20, 2, 1, 22, 3, 19, 2, 19, 12, 1, 18, 2, 11, 9, 20, 15, 1, 16, 1, 25, 1, 11, 5, 9, 97, 8, 10, 9, 1, 2, 17, 2, 1, 3, 5, 9, 9, 24, 1, 1, 20, 6, 1, 9, 13]",28.3506666287665,16.6875
http://www.wikidata.org/entity/Q236913,"[2, 6, 5, 16, 3, 1, 12, 4, 1, 6, 2, 1, 1, 17, 2, 1, 3, 3]",4.916588197741686,4.777777777777778
http://www.wikidata.org/entity/Q23589,"[3, 1, 1, 19, 1, 2, 27, 2, 1, 6, 2, 6, 18, 1, 1, 6, 4]",7.534005951334288,5.9411764705882355
http://www.wikidata.org/entity/Q237338,"[3, 1, 1, 1, 2, 16, 20, 1, 3, 3, 3, 3, 1, 3, 7, 3, 1, 2, 3, 15, 1, 4, 2, 15, 2, 2]",5.314933744653754,4.538461538461538
http://www.wikidata.org/entity/Q247979,"[1, 4, 4, 4, 5, 4]",1.247219128924647,3.6666666666666665
http://www.wikidata.org/entity/Q2465121,"[5, 4, 3, 3, 4, 4, 3]",0.6998542122237652,3.7142857142857144
http://www.wikidata.org/entity/Q251672,"[5, 4, 5, 13, 1]",3.97994974842648,5.6
http://www.wikidata.org/entity/Q23407,"[4, 28, 9, 1, 97, 21, 14, 1, 2, 54, 81, 29, 118, 44, 74, 33, 51, 9, 2, 6, 4, 53, 10, 42, 1, 28, 76, 3, 1, 3, 1, 13, 66, 21, 18, 61, 18, 29, 23, 2, 52, 8, 23, 76, 4, 1, 1, 27, 7, 87, 1, 111]",31.621156828484274,29.78846153846154
http://www.wikidata.org/entity/Q235858,"[16, 2, 2, 2, 5, 3, 2, 3, 13, 328, 1, 15, 1, 2, 19, 1, 2, 3, 2, 2, 7, 1, 1, 16, 4, 2, 1, 3, 7, 1, 1, 16, 1, 10, 1, 25, 6, 1, 5, 3, 1, 1, 5]",49.01211205587241,12.627906976744185
http://www.wikidata.org/entity/Q23402,"[2, 8, 3, 5, 4, 1, 1, 1, 1, 3, 3, 1, 7, 11, 13, 1, 8, 4, 4, 448, 2, 2, 2, 1, 20, 4, 1, 1, 4, 4, 7, 5, 1, 5, 2, 2, 15, 1, 1, 5, 17, 12, 19, 6, 2, 2, 1, 12, 1, 13, 3, 7]",61.02459429990056,13.634615384615385
http://www.wikidata.org/entity/Q245068,"[8, 12, 2, 1, 1, 4, 4, 1, 1, 1, 2, 1, 1, 1, 1, 3, 1, 4, 2, 4, 1, 2, 16, 3, 1, 3, 1, 1]",3.479348695796208,2.9642857142857144
http://www.wikidata.org/entity/Q257153,"[4, 5, 1, 6, 1, 2, 3, 5, 2, 5, 1, 3, 3, 4, 6, 4]",1.6571341979453564,3.4375
http://www.wikidata.org/entity/Q24649,"[12, 7, 5, 32, 6, 4, 6, 2, 13, 6, 1, 2, 8, 1, 19, 10, 6, 4, 4, 5, 4, 13, 8, 1, 21, 19, 2]",7.226684281636164,8.185185185185185
http://www.wikidata.org/entity/Q25648,"[3, 5, 1, 4, 9, 2, 2, 1, 4, 1, 4, 4, 4, 1, 1, 2, 5]",2.054617552537998,3.1176470588235294
http://www.wikidata.org/entity/Q265890,"[3, 2, 2]",0.4714045207910317,2.3333333333333335
http://www.wikidata.org/entity/Q265418,"[4, 10, 3, 1]",3.3541019662496847,4.5
http://www.wikidata.org/entity/Q268530,"[2, 3, 3, 2]",0.5,2.5
http://www.wikidata.org/entity/Q27114292,"[16, 1, 3]",6.649979114420001,6.666666666666667
http://www.wikidata.org/entity/Q265169,"[4, 6, 5, 3, 7, 1, 1]",2.166535841157586,3.857142857142857
http://www.wikidata.org/entity/Q27185,"[17]",0.0,17.0
http://www.wikidata.org/entity/Q264238,"[1, 5, 3, 1, 10, 6, 2, 3, 1, 5, 3, 4, 2, 5, 1, 1, 2, 8, 3, 5, 7, 4, 2, 7]",2.432063024585415,3.7916666666666665
http://www.wikidata.org/entity/Q2722359,"[9, 8, 8, 9, 1]",3.03315017762062,7.0
http://www.wikidata.org/entity/Q25814,"[1, 7, 2, 13, 2, 2, 6, 15, 2, 3, 2, 1, 5, 3, 3, 1, 10, 3, 5, 9, 2, 9, 2, 9, 8, 14, 4, 13, 1, 13, 2, 3, 1, 10, 2]",4.349618796339444,5.371428571428571
http://www.wikidata.org/entity/Q270844,"[16, 3, 14, 1, 4, 1, 4, 1, 7, 56, 5, 4, 5, 1, 8, 5, 1, 1, 2, 1, 1, 3, 1, 29, 1, 9, 1, 5, 1, 32, 58, 1]",14.479376497280537,8.8125
http://www.wikidata.org/entity/Q280015,"[6]",0.0,6.0
http://www.wikidata.org/entity/Q272,"[21, 5, 5, 1, 3, 5, 12, 15, 2, 4, 1, 32, 5, 5, 8, 3, 11, 4, 11, 13]",7.457211275000863,8.3
http://www.wikidata.org/entity/Q27585,"[29, 2, 3, 9, 4, 3, 1, 38, 3, 185, 15, 9, 6, 34, 77, 91, 1, 64, 17, 12, 1, 90, 5, 8, 4, 1, 2, 9, 9, 106, 2, 1, 3, 3, 6, 1, 1, 9]",38.72418271403293,22.736842105263158
http://www.wikidata.org/entity/Q284465,"[7, 1, 6, 7, 6, 2, 3, 4, 3, 6, 1, 1, 2, 1, 1]",2.3036203390894663,3.4
http://www.wikidata.org/entity/Q28543,"[5, 2, 1, 7, 1, 2, 1, 2, 6]",2.211083193570267,3.0
http://www.wikidata.org/entity/Q2890234,"[4, 8, 1, 2, 1, 8, 3, 8]",2.9553976043842223,4.375
http://www.wikidata.org/entity/Q2743,"[79, 6, 19, 1, 1, 50, 1, 28, 4, 153, 6, 20, 2, 1, 14, 4, 38, 1, 1, 1, 10, 2, 1, 1, 2, 2, 3, 1, 1, 1, 1, 13, 6, 6, 35, 4, 1, 124, 9, 2, 1, 9, 1]",31.36015253657674,15.488372093023257
http://www.wikidata.org/entity/Q246,"[3, 1, 2, 1, 4, 1, 5, 2, 1, 1, 13, 1, 19, 5, 49, 1, 2, 85, 10, 17, 53, 1, 1, 8, 1, 1, 88, 5, 63, 1, 3, 5, 4, 12, 10, 1, 4, 3, 2, 2, 1, 1, 1, 3, 13, 1, 6, 2, 1, 11, 31, 3, 7, 25, 4, 1, 1, 1, 7, 1, 45, 1, 3, 3, 1, 44, 159, 8, 1, 9]",25.58843807787623,12.657142857142857
http://www.wikidata.org/entity/Q3086695,"[5, 34, 1]",14.70449666674185,13.333333333333334
http://www.wikidata.org/entity/Q27207,"[2, 1, 1, 4, 3, 2, 1, 1, 17, 7, 5, 1, 1, 2, 30, 6, 4, 3, 1, 2, 4, 2, 1, 1, 10, 4, 3, 8, 3, 2, 3, 1, 9, 20, 2, 3, 1, 1, 6, 1, 15, 4, 13, 3, 1, 2, 2, 2, 5, 1, 2, 3]",5.503360995657173,4.461538461538462
http://www.wikidata.org/entity/Q27773,"[3, 2, 1, 3, 5, 3, 4, 1, 6, 1, 8, 3, 4, 1, 24, 3, 3, 7, 1, 1, 7, 2, 9, 1, 5, 1, 2, 2, 4, 1]",4.350734293069261,3.933333333333333
http://www.wikidata.org/entity/Q31444638,"[2, 1]",0.5,1.5
http://www.wikidata.org/entity/Q31444654,"[3, 2]",0.5,2.5
http://www.wikidata.org/entity/Q3151019,"[4, 5]",0.5,4.5
http://www.wikidata.org/entity/Q3257761,"[5, 6, 7]",0.816496580927726,6.0
http://www.wikidata.org/entity/Q3102,"[4, 2, 3, 3, 1]",1.019803902718557,2.6
http://www.wikidata.org/entity/Q3204,"[1, 1, 2, 4]",1.224744871391589,2.0
http://www.wikidata.org/entity/Q3290343,"[4, 3, 10, 4, 2]",2.8000000000000003,4.6
http://www.wikidata.org/entity/Q3267562,"[4, 1, 2, 4, 1, 12, 5]",3.522522287410844,4.142857142857143
http://www.wikidata.org/entity/Q3333382,"[17, 17, 1, 4, 1]",7.429670248402684,8.0
http://www.wikidata.org/entity/Q25314,"[2, 32, 1, 4, 1, 8, 8, 1, 3, 3, 9, 44, 1, 3, 1, 1, 2, 14, 9, 3, 4, 93, 12, 1, 1, 13, 1, 1, 1, 57, 4, 6, 2, 3, 4, 3, 1, 11, 5, 3, 6, 1, 1, 14, 7, 6, 1, 6, 10, 10, 8, 1, 2, 6, 3, 3, 36, 8, 2, 15, 30, 3, 11, 8, 5, 11, 6, 7, 1, 11, 4, 1, 23, 3, 3, 21, 3, 3, 2, 2, 10, 3, 9, 9, 26, 1, 2]",13.301865363284637,8.505747126436782
http://www.wikidata.org/entity/Q3281,"[3, 1, 1, 2, 7, 3, 1, 1, 3, 7, 16, 3, 8, 2, 11, 7]",4.14578098794425,4.75
http://www.wikidata.org/entity/Q3307548,"[1, 4, 1, 1, 5, 3, 1, 1, 3, 1]",1.445683229480096,2.1
http://www.wikidata.org/entity/Q3298,"[1, 2, 12, 5, 7, 1, 11, 14, 1, 2]",4.8207883172775805,5.6
http://www.wikidata.org/entity/Q340709,"[4, 5, 13, 5, 10, 1, 2, 1]",4.044672421840859,5.125
http://www.wikidata.org/entity/Q305718,"[4, 2, 2, 1, 2, 3, 9, 16, 2, 5, 6, 3, 2, 5, 3, 3, 8, 8, 1, 3, 4, 1, 3, 4, 3, 3, 5, 8, 3, 1, 2]",3.0741783163146996,4.032258064516129
http://www.wikidata.org/entity/Q337267,"[1, 12, 11, 3, 5, 3, 2, 3]",3.905124837953327,5.0
http://www.wikidata.org/entity/Q344299,"[2, 7, 2, 2, 4, 2]",1.863389981249825,3.1666666666666665
http://www.wikidata.org/entity/Q353936,"[13, 1, 14, 8]",5.1478150704935,9.0
http://www.wikidata.org/entity/Q359293,"[2, 5, 13, 2, 4]",4.069397989875161,5.2
http://www.wikidata.org/entity/Q3641631,"[1, 120, 2, 11, 2, 1, 1]",41.07732876874432,19.714285714285715
http://www.wikidata.org/entity/Q367660,"[1, 2, 5, 1, 3, 1, 2, 1, 1, 2, 2, 2, 4, 2, 1, 2, 2, 3, 2, 2, 5]",1.1799534946060826,2.1904761904761907
http://www.wikidata.org/entity/Q29536,"[3, 28, 4, 1, 8, 1, 1, 1, 3, 5, 5, 30, 4, 2, 5, 31, 1, 115, 41, 17, 25, 21, 1, 1, 9, 12, 1, 59, 7, 77, 6, 8, 5, 1, 4, 19, 5, 7, 2, 35, 11, 26, 11, 1, 7, 6, 43, 4, 16, 3, 18, 32, 3, 2, 1, 9, 5, 1, 27, 26, 5]",19.95026064386452,14.229508196721312
http://www.wikidata.org/entity/Q375,"[2, 1, 2, 1, 4, 2, 102, 1, 6, 1, 2, 2, 1, 1, 3, 6, 3, 1, 8, 1, 1, 1, 1, 6, 4, 7, 11, 8, 12, 6, 8, 11, 2, 8, 1, 3]",16.44350597922745,6.666666666666667
http://www.wikidata.org/entity/Q379282,"[15, 13, 4, 1, 3, 2, 11]",5.3718844791323335,7.0
http://www.wikidata.org/entity/Q376596,"[2, 3, 1, 1, 5, 5, 1, 12, 140, 1, 32, 1, 1, 1, 4, 8, 2, 2, 43, 15, 2, 16, 4, 1, 2, 8, 1, 24, 3, 2, 5, 5, 16]",24.688918561259783,11.181818181818182
http://www.wikidata.org/entity/Q30461,"[1, 3, 37, 5, 4, 2, 1, 1, 1, 1, 35, 1, 4, 1, 3, 12, 1, 1, 1, 1, 2, 2, 1, 4, 4, 3, 2, 1, 2, 1, 45, 1, 21, 1, 2, 28, 4, 1, 10, 3, 1, 10, 1, 1]",10.393174611849677,6.068181818181818
http://www.wikidata.org/entity/Q383845,"[1, 9, 2, 1, 5, 2, 2, 1, 3, 1, 2, 1]",2.254624876411447,2.5
http://www.wikidata.org/entity/Q387284,"[5, 4, 7, 33, 1]",11.661903789690601,10.0
http://www.wikidata.org/entity/Q36834,"[15, 11, 4, 1, 1, 3, 3, 4, 14, 7, 2, 2, 3, 2, 3, 1, 25, 1, 4, 1, 1, 4, 4, 14, 2, 3, 1, 5, 1, 3, 1, 5, 1, 2, 1, 5, 2, 2, 2, 1, 2, 1, 1]",4.800621917525306,3.9767441860465116
http://www.wikidata.org/entity/Q38817,"[2, 1, 5, 9, 18, 1, 2]",5.778213833187625,5.428571428571429
http://www.wikidata.org/entity/Q386854,"[3, 2, 2, 9, 4, 1, 1, 2, 1, 2, 9, 2, 3, 2]",2.5485089678444677,3.0714285714285716
http://www.wikidata.org/entity/Q36180,"[1, 6, 7, 3, 2, 1, 4, 5, 4, 2, 1, 1, 1, 9, 4, 59, 2, 46, 3, 14, 1, 2, 2, 1, 8, 1, 1, 3, 19, 3, 1, 1, 3, 4, 1, 37, 1, 2, 1, 1, 1, 3, 6, 1, 10, 1, 1, 4, 2, 7, 1, 34, 1, 5, 6, 5, 2, 1, 1, 1]",10.971921233565048,6.016666666666667
http://www.wikidata.org/entity/Q36192,"[4, 1, 6, 5, 12, 3, 1, 1, 3, 2, 57, 2, 10, 4, 2, 1, 16, 1, 8, 6, 2, 2, 22, 3, 1, 4, 1, 6, 4, 2, 1, 4, 3, 20, 1, 3, 1, 2, 1, 4, 1, 4, 2, 2, 3, 61, 1, 1, 10, 1, 28, 3, 9, 9, 4, 12, 1, 2, 10, 12, 2, 3, 1, 9, 12, 5, 1, 9, 17, 2, 7]",10.433416474458312,6.704225352112676
http://www.wikidata.org/entity/Q41800,"[1, 6, 23, 7, 1, 6, 6]",6.874976808866266,7.142857142857143
http://www.wikidata.org/entity/Q388170,"[4, 16, 5, 88, 17, 6, 24, 37, 42, 1, 1, 8]",24.107830678018296,20.75
http://www.wikidata.org/entity/Q429088,"[13, 17, 2, 12]",5.522680508593631,11.0
http://www.wikidata.org/entity/Q3335,"[205, 3, 9, 6, 1, 2, 6, 3, 6, 11, 165, 18, 12, 7, 10, 2, 1, 42, 56, 4, 1, 25, 3, 7, 22, 15, 2, 1, 12, 2, 5, 3, 1, 97, 12, 1, 2, 26, 150, 2, 2, 4, 1, 6, 2, 24, 6, 2, 1, 14, 11, 20, 21, 5, 32, 50, 43, 8, 3, 7, 9, 1, 15, 5, 4, 1, 19, 1, 2, 5, 9, 1, 30, 6, 19, 16, 27, 3, 3, 17]",34.50541397737462,17.6625
http://www.wikidata.org/entity/Q377,"[2, 3, 1, 29, 68, 1, 4, 8, 6, 22, 11, 2, 1, 10, 3, 2, 6, 1, 6, 1, 1, 1, 1, 1, 6, 2, 8, 1, 4, 3, 26, 3, 8, 2, 4, 1, 3, 3, 8, 1, 1]",11.62051151730658,6.7073170731707314
http://www.wikidata.org/entity/Q38066,"[3, 47, 10, 5, 7, 13, 33, 7, 16, 1, 31, 10, 11, 131, 1, 29, 9, 24, 8, 20, 4, 16, 13, 1, 1, 1, 103, 3, 28, 27, 9, 106, 2, 88, 1, 1, 13, 5, 1, 3, 1, 4, 6, 23, 122, 18, 1, 6, 19, 22, 7, 23, 6, 13, 31, 1, 81, 14]",30.730097336048196,21.379310344827587
http://www.wikidata.org/entity/Q43091,"[1, 4, 1, 1, 2, 2, 8, 1, 18, 1, 2, 6, 5, 3, 8, 1, 6, 1, 1, 2, 1, 1, 2, 2, 27, 3, 1, 9, 3, 4, 6, 2, 1, 3, 8, 1, 4, 5, 15, 4, 1, 33, 2, 27, 16, 14, 3, 8, 12, 2, 2, 3, 10, 1, 2, 1, 4]",6.905420052418141,5.56140350877193
http://www.wikidata.org/entity/Q45418,"[12, 1, 4, 5, 12, 21, 9, 17, 35, 4, 1, 11, 21, 4, 2, 2, 1, 1, 1, 3, 11, 7, 4, 21, 21]",8.751137068975664,9.24
http://www.wikidata.org/entity/Q400,"[13, 4, 78, 9, 100, 7, 52, 4, 20, 7, 14, 4, 4, 65, 35, 154, 2, 52, 2, 5, 13, 111, 41, 16, 135, 8, 43, 119, 134, 5, 6, 7, 8, 15, 7, 67, 44, 40, 23, 9, 1, 14, 99, 7, 137, 7, 2, 13, 34, 28, 7, 50, 130]",43.780505308520816,37.943396226415096
http://www.wikidata.org/entity/Q45982,"[11, 20, 10, 1, 1, 4, 1]",6.663945022680343,6.857142857142857
http://www.wikidata.org/entity/Q42973,"[3, 2, 6, 4, 1, 6, 4, 6, 5, 1, 1, 17, 23, 6, 11, 1, 2, 6, 45, 11, 14, 1, 6, 1, 6, 3, 2, 1, 3, 4, 5, 2, 1, 1, 4, 15, 3, 3, 1, 10, 4, 5, 28, 4, 2, 2, 4, 10, 3, 1, 1, 2, 1, 12, 5]",7.628870782854276,6.0181818181818185
http://www.wikidata.org/entity/Q410,"[4, 1, 22, 6, 83, 4, 6, 18, 1, 13, 8, 12, 57, 1, 2, 17, 29, 1, 7, 99, 2, 17, 9, 2, 2, 1, 15, 3, 4, 3, 19, 50, 6, 1, 103, 63, 1, 5, 1, 17, 3, 2, 2, 6, 21, 3, 3, 24, 136, 15, 30, 39, 2, 4, 3, 1, 12, 1, 4, 5, 9, 2, 10, 15, 16, 2, 2, 2, 12]",25.97347296852365,15.956521739130435
http://www.wikidata.org/entity/Q46392,"[2, 1, 2, 6, 20, 1, 2, 1, 7, 18, 9, 1, 6, 2, 3, 3, 5, 6, 4, 1, 14]",5.429824416800133,5.428571428571429
http://www.wikidata.org/entity/Q45594,"[4, 2, 5, 1, 1, 1, 9, 15, 8, 3, 1, 1, 7, 9, 1, 5, 1, 2, 2, 1, 1, 5, 5, 1, 3, 7, 1, 6, 1, 1, 8, 3, 2, 6, 8]",3.315517012657979,3.914285714285714
http://www.wikidata.org/entity/Q460039,"[1, 28, 2, 3, 1, 1, 1, 1, 4, 3, 9, 2, 24]",8.751669325124857,6.153846153846154
http://www.wikidata.org/entity/Q479102,"[1, 1, 2, 26, 1, 13]",9.392668535736915,7.333333333333333
http://www.wikidata.org/entity/Q470137,"[17, 1, 12, 1, 37, 2, 31, 11]",12.854960132182441,14.0
http://www.wikidata.org/entity/Q465501,"[10, 2, 1, 51, 42, 8, 4, 3, 6, 5, 3, 3, 6, 1, 6, 2, 2, 2, 1, 1, 2, 3, 3]",12.39641389695931,7.260869565217392
http://www.wikidata.org/entity/Q479716,"[20, 1, 12, 1, 2, 3, 1, 7, 3]",6.1483712587808546,5.555555555555555
http://www.wikidata.org/entity/Q43416,"[16, 22, 21, 15, 2, 4, 1, 2, 12, 4, 15, 6, 18, 22, 3, 85, 5, 13, 41, 16, 87, 15, 108, 1, 233, 16, 57, 2, 32, 11, 2, 33, 38, 2, 4, 15, 1, 1, 3, 4, 8, 7, 5, 1, 5, 8, 3, 12, 2, 54, 2, 18, 1, 2, 3, 7, 2, 5, 3, 88, 28, 5, 2, 1, 68, 5, 16, 91, 1, 20]",35.580460700691745,20.87142857142857
http://www.wikidata.org/entity/Q434,"[14, 8, 2, 2, 1, 2, 6, 2, 1, 37, 1, 1, 1, 2, 13, 2, 4, 72, 15, 5, 6, 1, 7, 1, 3, 1, 3, 2, 2, 4, 3, 3, 7, 1, 7, 4, 3, 2, 1, 2, 9, 2, 2, 2, 1, 1, 1, 1, 7, 12, 2, 14, 1, 1, 3, 19, 3, 4, 1, 12, 1, 2, 9, 1, 7, 3, 1, 3, 19, 1, 1, 2]",9.791932620501656,5.583333333333333
http://www.wikidata.org/entity/Q489774,"[8, 7, 7]",0.4714045207910317,7.333333333333333
http://www.wikidata.org/entity/Q487265,"[1, 11, 13, 9, 10, 3, 1, 4, 1, 1, 14, 10, 9, 20, 22, 9, 13, 1]",6.361535648133172,8.444444444444445
http://www.wikidata.org/entity/Q493858,"[1, 12, 3]",4.784233364802441,5.333333333333333
http://www.wikidata.org/entity/Q486748,"[3, 2, 1, 3, 1, 1, 1, 4, 2, 1, 2, 1, 3, 1, 1, 8, 2, 1, 1, 6, 2, 1, 3, 2, 8, 2]",1.984033904081374,2.423076923076923
http://www.wikidata.org/entity/Q49759,"[1, 19, 7, 2, 1, 4, 5, 2, 2, 2, 12, 7]",5.169354139756941,5.333333333333333
http://www.wikidata.org/entity/Q430,"[69, 1, 1, 174, 2, 1, 1, 1, 3, 32, 15, 24, 26, 35, 183, 42, 1, 140, 1, 317, 24, 15, 124, 23, 1, 34, 259, 10, 2, 53, 69, 25, 34, 7, 7, 14, 1, 3, 10, 1, 173, 2, 2, 1, 2, 3, 10, 1, 1, 1, 3, 2, 1, 1, 11, 4, 4, 1, 11, 19, 9, 1, 1, 52, 24, 54, 4, 1, 2, 1, 1, 1, 140, 133, 4, 3, 9, 31, 24, 6, 21, 1, 38, 6, 34, 3, 12, 1, 1, 9, 13, 7, 1, 4, 11, 1, 1, 1]",54.76943075846231,27.591836734693878
http://www.wikidata.org/entity/Q48221,"[64, 1, 9, 9, 4, 1, 8, 1, 3, 7, 17, 9, 9, 8, 12, 1, 4, 1, 1, 10, 2, 1, 13, 10, 3, 9, 1, 11, 14, 1]",11.365835746755371,8.133333333333333
http://www.wikidata.org/entity/Q489,"[1, 8, 6, 40, 2, 5, 2, 1, 2, 12, 7, 224, 38, 2, 7, 8, 4, 20, 4, 12, 6, 2, 3, 1, 1, 10, 15, 48, 22, 3, 5, 3, 7, 5, 1]",37.52632817266364,15.342857142857143
http://www.wikidata.org/entity/Q46706,"[4, 11, 6, 10, 6, 23, 1, 4, 1, 2, 19, 4, 5, 2, 5, 16, 20, 14, 10, 7, 1, 50, 1, 2, 9, 6, 8, 1, 9, 10, 11, 9, 1, 1, 10, 9, 5, 33, 1, 2, 1, 12, 16, 9, 1, 5, 6, 11, 2, 9, 5]",8.724146184217606,8.352941176470589
http://www.wikidata.org/entity/Q5203792,"[10, 4]",3.0,7.0
http://www.wikidata.org/entity/Q518390,"[2, 3, 6, 6, 1, 2, 4, 2, 4, 4, 3]",1.5534552264213692,3.3636363636363638
http://www.wikidata.org/entity/Q506002,"[1, 9, 5, 6, 1, 1, 1, 1, 10, 2, 14, 3, 7, 6, 3, 1, 3, 3, 9, 4, 1, 7, 2, 1, 7, 5]",3.4187526705635207,4.346153846153846
http://www.wikidata.org/entity/Q51677,"[9, 2, 1, 19, 75, 11, 2, 4, 85, 18, 82, 44, 2, 1, 6, 2, 3, 1, 9]",28.207089342870454,19.789473684210527
http://www.wikidata.org/entity/Q551835,"[15, 11, 6, 57, 4, 7]",18.390818965511627,16.666666666666668
http://www.wikidata.org/entity/Q549322,"[1, 2, 2, 2, 5, 10, 117, 1, 3, 3, 2, 2, 1, 1, 2, 1]",27.793251766391062,9.6875
http://www.wikidata.org/entity/Q49024,"[1, 10, 33, 5, 6, 1, 5, 2, 11, 4, 6, 13, 35, 30, 3, 4, 19, 12, 1, 3, 1, 1, 20, 2, 2, 7, 1, 6, 4, 1, 5, 1, 1, 10, 12, 2, 1, 2, 2, 2, 1, 14, 1, 11]",8.48418558016488,7.136363636363637
http://www.wikidata.org/entity/Q552300,"[16, 1, 15, 16, 1, 14, 9, 15, 17, 1, 5, 4, 4, 17, 17, 16, 2, 11]",6.354982491646677,10.055555555555555
http://www.wikidata.org/entity/Q54829,"[36, 1, 10, 4, 39, 1, 3, 1, 1, 4, 6, 4, 2, 3, 6, 3, 3, 7, 1, 4, 4, 13]",10.058506535217257,7.090909090909091
http://www.wikidata.org/entity/Q56911,"[6, 11, 6, 1, 1, 2, 11, 2, 4]",3.7251232476089355,4.888888888888889
http://www.wikidata.org/entity/Q568286,"[3, 4, 2, 2, 1, 8, 1, 5, 2, 9, 1, 4, 12, 1]",3.3266088634842905,3.9285714285714284
http://www.wikidata.org/entity/Q580340,"[3, 34, 1, 1]",14.02453207775575,9.75
http://www.wikidata.org/entity/Q5173,"[4, 2, 4, 27, 1, 1, 2, 8, 1, 16, 4, 3, 41, 47, 18, 1, 2, 37, 2, 1, 2, 8, 1, 1, 2, 6, 1, 25, 1, 1, 2, 2, 9, 6, 1, 1, 1, 11, 2, 1, 2, 1, 6, 1, 2]",11.056219968868204,7.066666666666666
http://www.wikidata.org/entity/Q578269,"[2, 3, 3, 1, 28, 2, 3, 5, 1, 2, 12, 7, 3, 7, 1, 18, 1, 9, 3, 1, 15, 3]",6.687227247855631,5.909090909090909
http://www.wikidata.org/entity/Q583479,"[4, 2, 5, 9, 18, 6, 17, 1, 4, 3, 4, 9, 6, 1, 4, 13, 6, 3, 3]",4.818592799261726,6.2105263157894735
http://www.wikidata.org/entity/Q56000,"[1, 12, 3, 41, 23, 1, 2, 40, 65, 7, 25, 9, 69, 16, 1, 6, 1, 27, 1, 4, 1, 8, 16, 5, 1, 6, 2, 2, 4, 2, 6, 5, 9, 41, 5, 3, 1, 1, 1, 1, 21]",16.73814140671952,12.073170731707316
http://www.wikidata.org/entity/Q584540,"[3, 1, 1, 5, 1, 5, 3, 1, 1, 3, 1, 2, 1, 1, 11, 1, 1, 3, 3, 2]",2.3345235059857505,2.5
http://www.wikidata.org/entity/Q4692,"[9, 96, 1, 1, 4, 5, 6, 2, 4, 1, 7, 2, 19, 7, 1, 6, 97, 4, 21, 131, 123, 9, 96, 137, 5, 5, 1, 7, 123, 1, 1, 3, 11, 4, 5, 4, 1, 1, 1, 31, 2, 3, 4, 123, 4, 1, 1, 43, 6, 1, 18, 7, 3, 15, 66, 1, 47, 22, 1, 4, 6, 151, 7, 22, 1, 1, 3, 6, 1, 3, 66, 154, 2, 4, 3, 3, 1, 5, 42, 2, 1, 140, 1, 3, 7, 2]",41.43183001835124,23.27906976744186
http://www.wikidata.org/entity/Q593,"[3, 5, 2, 7, 7, 1, 1, 2]",2.345207879911715,3.5
http://www.wikidata.org/entity/Q59183,"[6, 1, 3, 1, 22, 3, 7, 1, 4, 1, 1, 1, 1, 2, 1, 5, 1]",4.983016137540558,3.588235294117647
http://www.wikidata.org/entity/Q597600,"[3, 4, 5, 2, 4, 1, 1]",1.456862718169367,2.857142857142857
http://www.wikidata.org/entity/Q59243,"[6, 1, 11, 2, 4, 8, 16, 1, 2, 25, 3, 2, 5, 6, 3, 2, 4, 9, 3, 3, 41, 3, 1, 2, 3, 3, 10]",8.512074857597547,6.62962962962963
http://www.wikidata.org/entity/Q58968,"[11, 4, 12, 5, 2, 2, 17, 37, 28, 8, 7, 44, 6, 1, 1, 16, 2, 3, 5, 2, 2, 2, 11, 42, 4, 2, 4, 2, 3, 6, 1, 2, 18]",11.675124836373426,9.454545454545455
http://www.wikidata.org/entity/Q557,"[9, 14, 3, 7, 1, 27, 2, 2, 34, 16, 1, 56, 13, 13, 14, 36, 13, 22, 23, 1, 10, 6, 59, 26, 8, 8, 10, 1, 2, 36, 6, 28, 1, 3, 29, 17, 29, 5, 8, 50, 23, 2, 2, 13, 8, 30, 13, 11, 6, 37]",14.562472317570254,15.88
http://www.wikidata.org/entity/Q615394,"[6, 18, 18, 18, 9]",5.230678732248808,13.8
http://www.wikidata.org/entity/Q616753,"[7, 2, 15, 5, 5, 5, 1, 5, 14, 16, 13, 1]",5.330077130982461,7.416666666666667
http://www.wikidata.org/entity/Q6418545,"[4]",0.0,4.0
http://www.wikidata.org/entity/Q643996,"[1, 2]",0.5,1.5
http://www.wikidata.org/entity/Q618238,"[1, 4, 3, 5, 3, 5, 4, 3, 8, 5, 10, 1, 3, 3, 5, 9, 6, 6]",2.4037008503093262,4.666666666666667
http://www.wikidata.org/entity/Q62449,"[1, 18, 5, 2, 23, 13, 17, 7, 4, 2, 6, 4, 1, 29, 23, 11, 13, 6]",8.358665201491041,10.277777777777779
http://www.wikidata.org/entity/Q618710,"[6, 5, 4, 10, 3, 19, 19, 1, 5, 2, 1, 1, 4, 2, 1, 2, 6, 4, 11, 5, 5, 1, 1, 1]",5.003991462378364,4.958333333333333
http://www.wikidata.org/entity/Q5119,"[1, 6, 2, 6, 1, 3, 1, 1, 15, 1, 2, 1, 7, 3, 1, 23, 1, 44, 10, 3, 2, 2, 2, 4, 2, 3, 6, 1, 1, 2, 1, 1, 2, 6, 1, 4, 1, 2, 1, 1, 1, 1, 9, 7, 2, 2, 3, 7, 3, 24, 1, 2, 4, 1, 5, 17, 1, 2, 3, 1, 1, 1, 2, 11, 10, 1, 2, 1]",6.783158974603241,4.4411764705882355
http://www.wikidata.org/entity/Q655556,"[5, 4, 3, 2, 1, 3, 4]",1.2453996981544782,3.142857142857143
http://www.wikidata.org/entity/Q627325,"[2, 33, 20, 9, 5, 1, 4, 18, 1, 1, 2, 3, 2, 3, 7, 1, 3, 1, 1, 1]",8.16639455328972,5.9
http://www.wikidata.org/entity/Q6658,"[3, 7, 2, 20, 2]",6.8527366796047255,6.8
http://www.wikidata.org/entity/Q595,"[68, 7, 5, 19, 6, 3, 7, 4, 6, 33, 30, 9, 143, 2, 9, 5, 1, 2, 5, 8, 12, 24, 6, 5, 4, 2, 3, 2, 3, 3, 2, 7, 23, 2, 25, 7, 3, 4, 3, 2, 6, 1, 1, 29, 1, 1, 13]",22.734318838612282,12.042553191489361
http://www.wikidata.org/entity/Q65707,"[11, 6, 5, 7, 9, 4, 5, 3, 3, 2, 9, 9]",2.782634642844,6.083333333333333
http://www.wikidata.org/entity/Q66705,"[1, 3, 2, 20, 1, 1, 15, 3, 2, 1, 1]",6.243012623050689,4.545454545454546
http://www.wikidata.org/entity/Q66768,"[4, 18, 3, 1, 3, 3, 1, 1]",5.3091901453988255,4.25
http://www.wikidata.org/entity/Q658371,"[1, 3, 1, 1, 1, 16, 3, 4, 1, 2, 1, 2, 1, 4, 1, 1, 3, 1, 1, 4, 3, 2, 3, 3, 1, 4]",2.9098892799042675,2.6153846153846154
http://www.wikidata.org/entity/Q6539,"[7, 3, 27, 1, 4, 2, 14, 2, 3, 5, 5, 73, 30, 1, 6, 80, 1, 1, 4, 5, 1, 8, 39, 3, 1, 21, 9, 23, 1, 23, 8, 9, 7, 1, 33, 3, 13, 9, 54, 1, 7, 1, 6]",18.258879908446932,12.906976744186046
http://www.wikidata.org/entity/Q6836765,"[12]",0.0,12.0
http://www.wikidata.org/entity/Q674413,"[2]",0.0,2.0
http://www.wikidata.org/entity/Q66854,"[1, 3, 12, 15, 1, 2, 2, 3, 2, 3, 1, 1, 2]",4.285657931441267,3.6923076923076925
http://www.wikidata.org/entity/Q685935,"[1, 2, 6, 5, 3, 7, 3, 1, 7]",2.282515398241571,3.888888888888889
http://www.wikidata.org/entity/Q674067,"[6, 3, 7, 2, 1, 2, 2, 22, 15, 1, 4, 10, 14, 1, 8, 5, 7, 6, 1, 1, 2, 11, 2, 1, 1, 3]",5.2386817981481295,5.3076923076923075
http://www.wikidata.org/entity/Q693461,"[7, 5, 1, 1, 18, 8, 2, 7, 4, 8, 1, 9, 8, 7]",4.340130723132375,6.142857142857143
http://www.wikidata.org/entity/Q65997,"[21, 15, 12, 1, 7, 1, 17, 180, 43, 22, 16, 23, 1, 4, 1, 71, 3, 8, 2, 5, 1, 1, 2, 6, 6, 1, 1, 2, 11, 1, 1, 2, 77, 2, 22, 1, 4, 1, 3, 1, 4, 7]",30.741036707770295,14.523809523809524
http://www.wikidata.org/entity/Q7194764,"[1]",0.0,1.0
http://www.wikidata.org/entity/Q6663,"[2, 2, 26, 2, 3, 1, 1, 7, 3, 22, 5, 2, 2, 2, 8, 17, 2, 108, 28, 6, 15, 4, 17, 36, 7, 3, 2, 1, 5, 8, 85, 2, 4, 5, 18, 1, 3, 2, 6, 4, 1, 1, 4, 6, 1, 5, 24, 4, 1, 23, 23, 3, 9, 5, 1, 5, 1, 1, 4, 1, 13]",17.95114154962561,10.049180327868852
http://www.wikidata.org/entity/Q5592,"[4, 17, 1, 1, 72, 6, 8, 3, 9, 1, 3, 9, 28, 17, 23, 2, 3, 1, 1, 7, 133, 2, 1, 10, 1, 4, 15, 17, 7, 5, 5, 18, 9, 97, 61, 3, 1, 7, 1, 156, 1, 1, 5, 15, 29, 1, 16, 12, 9, 14, 117, 7, 1, 8, 5, 1, 1, 30, 11, 1, 2, 62, 8, 1, 1, 26, 71, 1, 130, 1, 1, 14, 12, 3, 9, 10, 1, 1, 9, 153, 21, 19, 83, 9, 9, 5, 19, 1, 44, 92, 3, 2, 7, 3, 1, 9, 36, 4, 8, 8, 14, 156, 19, 1, 1, 11, 30, 1, 2, 7, 1, 3, 17, 24, 1]",34.1837401513825,19.48695652173913
http://www.wikidata.org/entity/Q737377,"[6, 3, 1, 16, 3, 4, 5, 2, 2, 4, 33, 6, 6]",8.320502943378436,7.0
http://www.wikidata.org/entity/Q7554349,"[1, 6, 2, 2, 2, 2]",1.6072751268321592,2.5
http://www.wikidata.org/entity/Q693,"[19, 6, 5, 6, 3, 2, 1, 2, 1, 4, 18, 1, 8, 1, 26, 1, 21, 1, 5, 1, 2, 2, 90, 6, 3, 1, 2, 1, 3, 64, 4, 2, 3, 4, 2, 5, 1, 1, 11, 7, 1, 3, 6, 10, 1, 1, 11, 1, 1, 8, 11, 1, 17, 1, 1, 2, 5]",14.579633483971104,7.491228070175438
http://www.wikidata.org/entity/Q699,"[4, 4, 7, 101, 6, 3, 21, 115, 10, 3, 44, 4, 1, 114, 4, 5, 17, 2, 64, 18, 1, 7, 9, 5, 2, 95, 4, 3, 5, 40, 2, 1, 47, 1, 3, 3, 1, 25, 4, 1, 24, 4, 8, 15, 1, 18, 19, 21, 2, 100, 4, 5, 11, 9, 3, 15, 1, 4, 3, 6, 28]",28.84715860404641,18.147540983606557
http://www.wikidata.org/entity/Q764233,"[1, 4, 1, 5, 1, 5, 3]",1.7261494247992246,2.857142857142857
http://www.wikidata.org/entity/Q6534,"[3, 69, 2, 1, 13, 4, 3, 54, 3, 3, 17, 2, 1, 12, 9, 74, 3, 2, 107, 13, 3, 29, 29, 13, 2, 111, 8, 70, 4, 11, 1, 125, 2, 25, 17, 1, 52, 2, 200, 44, 8, 3, 113, 1, 5, 4, 1, 2, 6, 1, 40, 2, 1, 48, 7, 9, 3, 1, 95, 20, 61, 78, 23, 4, 1, 1, 5, 17, 12, 9, 86, 2, 35, 3, 3, 1, 15, 2, 2, 6, 16, 57]",36.49227383940683,23.817073170731707
http://www.wikidata.org/entity/Q76574,"[2, 1, 3, 1, 2, 3, 2, 16, 1, 5, 1, 3, 17, 3, 7, 13, 1, 25, 6, 7, 6, 4, 6, 5, 4, 4, 21, 5, 2]",6.15282965170895,6.068965517241379
http://www.wikidata.org/entity/Q7679703,"[7]",0.0,7.0
http://www.wikidata.org/entity/Q7696211,"[7, 21, 6]",6.847546194724712,11.333333333333334
http://www.wikidata.org/entity/Q7845,"[2, 1, 15, 62, 10, 2, 1, 3, 2, 10, 1, 19, 1, 1, 4, 10, 12, 1, 4]",13.705044868501725,8.473684210526315
http://www.wikidata.org/entity/Q687,"[1, 33, 1, 12, 4, 4, 4, 3, 11, 6, 4, 3, 1, 3, 1, 1, 11, 20, 5, 1, 1, 7, 12, 10, 33, 14, 37, 5, 3, 4, 13, 2, 86, 1, 1, 13, 1, 7, 1, 2, 18, 13, 5, 4, 4, 7, 1, 5, 2, 9, 13, 24, 16, 11, 4, 1, 26, 3, 2, 1, 4, 26, 4, 5, 5, 2, 9, 19, 1, 13, 2, 1, 1, 2, 11, 7, 7, 2, 1, 9, 19, 4, 7, 2, 1, 8, 6, 3, 17, 1, 9, 6, 1, 9, 1, 18, 23]",11.148329865714011,8.422680412371134
http://www.wikidata.org/entity/Q807725,"[4, 24, 1, 1]",9.604686356149273,7.5
http://www.wikidata.org/entity/Q7367,"[17, 2, 2, 3, 2, 13, 4, 1, 4, 1, 5, 6, 3, 6, 7, 32, 1, 9, 12, 6, 14, 4, 20, 1, 2, 2, 13, 49, 1, 2, 47, 3, 137, 45, 34, 2, 54, 2, 26, 128, 3, 14, 2, 7, 1, 4, 3, 1, 11, 13, 4, 2, 1, 2, 17, 2, 1, 1, 9, 32, 1, 15, 7, 1, 5, 2, 3, 4, 1, 2, 19, 1, 4, 2, 3, 3, 8, 19, 8, 36, 1, 6, 1, 2, 16, 1, 10, 3, 37, 18, 12, 10, 2, 12, 3, 10, 14, 3, 4, 6, 1, 2, 3, 20]",20.43044331514259,11.471153846153847
http://www.wikidata.org/entity/Q7372,"[2, 3, 1, 1, 4, 3, 19, 4, 4, 2, 10, 5, 2, 1, 121, 2, 1, 1, 2, 18, 1, 1, 47, 56, 8, 54, 1, 200, 36, 2, 1, 56, 16, 23, 3, 4, 1, 37, 1, 1, 2, 1, 1, 3, 11, 1, 129, 2, 10, 2, 2, 9, 3, 2, 17, 17, 6, 4, 6, 1, 33, 2, 19, 1, 8, 12, 1, 4, 4, 188, 7, 88, 1, 2, 1, 15, 2, 5, 39, 15, 3, 13, 9, 2, 4, 7, 2, 1, 21, 1, 1, 7, 7, 1, 1, 48]",34.28457646172287,16.239583333333332
http://www.wikidata.org/entity/Q812609,"[3]",0.0,3.0
http://www.wikidata.org/entity/Q811389,"[3, 1, 7, 5, 1, 11, 1, 4, 7, 2, 1]",3.1465578727048693,3.909090909090909
http://www.wikidata.org/entity/Q80866,"[2, 2, 15, 2, 1, 7, 16, 4, 12, 2, 9, 11, 1, 5, 1, 2, 1, 1, 1, 1]",4.915282290977803,4.8
http://www.wikidata.org/entity/Q7066,"[2, 1, 138, 20, 4, 1, 73, 4, 249, 10, 4, 2, 58, 81, 99, 5, 227, 5, 1, 250, 14, 5, 1, 5, 49, 6, 11, 82, 131, 7, 2, 3, 1, 42, 262, 24, 72, 224, 98, 2, 6, 242, 2, 11, 1, 10, 2, 5, 139, 22, 254, 1, 81, 49, 4, 80, 10, 37, 3, 210, 3, 110, 13, 9, 3, 1, 3, 6, 2, 3, 12, 20, 14, 20, 9, 2, 19, 1, 1, 6, 24, 5, 57, 30, 3, 1, 5, 29, 187, 61, 207, 1, 146, 45, 1, 11, 151, 44, 14, 3, 12, 1, 124, 3, 126, 3, 3, 129, 2, 21, 37, 219]",71.59546351137175,48.267857142857146
http://www.wikidata.org/entity/Q815611,"[6, 13, 11, 1, 4, 5, 13, 3, 6, 1, 1, 6, 1, 1, 5, 16, 9, 2, 11, 7, 4, 6, 9, 5]",4.222130846964467,6.083333333333333
http://www.wikidata.org/entity/Q765,"[110, 13, 11, 6, 8, 8, 2, 5, 8, 4, 7, 2, 14, 19, 121, 9, 3, 5, 1, 15, 1, 2, 12, 6, 3, 19, 1, 1, 61, 5, 62, 6, 3, 1, 1, 1, 1, 4, 19, 6, 2, 3, 30, 4, 7, 21, 2, 19, 13, 1, 3, 1, 1, 15, 4, 9, 5, 114, 2, 1]",25.927093293824253,14.05
http://www.wikidata.org/entity/Q8362,"[4, 2, 1, 2, 13, 69, 30, 13, 14, 3, 1, 5, 1, 1, 2, 3, 3, 1, 3, 9, 4, 13, 5, 1, 1]",14.024778073110463,8.16
http://www.wikidata.org/entity/Q84629,"[1, 1, 1, 1, 1]",0.0,1.0
http://www.wikidata.org/entity/Q764,"[2, 27, 1, 1, 2, 4, 3, 1, 1, 4, 3, 39, 4, 4, 14, 57, 1, 2, 1, 9, 57, 2, 53, 73, 1, 297, 43, 103, 35, 6, 7, 39, 3, 11, 1, 10, 3, 6, 1, 1, 214, 48, 126, 1, 2, 9, 18, 28, 1, 6, 223, 6, 1, 2, 4, 1, 8, 1, 1, 28, 9, 4, 3, 2, 18, 1, 16, 2, 1, 2, 18, 245, 1, 56, 1, 2, 3, 3, 7, 36, 13, 2, 19, 2, 3, 41, 17, 8, 2, 7, 11, 42, 6, 13, 3, 18, 6, 2, 129, 2, 287, 6]",57.18690311369804,26.754901960784313
http://www.wikidata.org/entity/Q84809,"[4, 3, 3, 2, 1]",1.019803902718557,2.6
http://www.wikidata.org/entity/Q8538,"[1, 1, 3, 1, 10, 1]",3.2871804872193366,2.8333333333333335
http://www.wikidata.org/entity/Q756,"[1, 1, 15, 2, 3, 2, 2, 2, 1, 6, 5, 4, 2, 4, 4, 13, 2, 2, 5, 26, 4, 1, 3, 49, 1, 15, 1, 14, 1, 1, 3, 10, 13, 12, 1, 1, 14, 146, 38, 4, 29, 135, 49, 39, 47, 15, 29, 1, 1, 2, 2, 3, 1, 11, 17, 2, 4, 16, 32, 13, 5, 44, 76, 3, 11, 1, 2, 2, 67, 13, 4, 1, 4, 1, 1, 11, 1, 38, 1, 1, 1, 15, 3, 16, 6, 20, 1, 1, 10, 7, 2, 10, 2, 74, 5, 14, 3, 6, 2, 4, 2, 23, 5, 154, 1, 1, 57, 2, 12, 1, 10, 2, 9, 1, 18, 3, 22, 2, 1, 1, 65, 10, 1, 1, 13, 35, 109]",27.15271188186412,15.21259842519685
http://www.wikidata.org/entity/Q835,"[12, 9, 1, 13, 9, 8, 9, 14, 44, 3, 10, 4, 1, 9, 5, 1, 1, 1, 1, 3, 5, 1, 2, 6, 2, 22, 2, 9, 4, 6, 2, 23, 3, 2, 18, 2, 6, 4, 4, 12, 6, 1, 2, 3, 16, 16, 8, 14, 5, 16, 14, 55, 7, 6, 12, 55, 7, 7, 3]",11.204710299371728,9.254237288135593
http://www.wikidata.org/entity/Q850794,"[12, 6, 5, 6, 15, 3, 50, 1, 2, 4, 5, 3, 1, 3, 2, 12, 13]",11.256678140915556,8.411764705882353
http://www.wikidata.org/entity/Q8274,"[99, 13, 2, 32, 44, 6, 1, 10, 20, 33, 2, 204, 43, 3, 155, 2, 1, 6, 17, 1, 24, 30, 86, 1, 75, 4, 84, 14, 2, 1, 16, 122, 2, 1, 4, 14, 2, 80, 10, 1, 1, 7, 1, 25, 4, 2, 30, 1, 3, 12, 1, 1, 12, 56, 256, 1, 170, 1, 2, 1, 1, 9, 13, 20, 52, 7, 31, 5, 22, 3, 71, 1, 16, 21]",48.6360719479025,28.72972972972973
http://www.wikidata.org/entity/Q84405,"[16, 1, 3, 6, 6, 1, 2, 4, 1, 18, 16, 18, 16, 2, 3, 2, 11, 1, 2, 2, 1, 15, 1, 14, 3, 2, 2, 2, 16, 13, 1, 1, 2, 1, 1, 9, 1, 2, 3, 5, 9, 22, 8, 12, 5, 1, 2, 3, 14, 2, 1, 9, 4, 6, 5, 16, 1, 9, 1]",5.859849311693932,6.033898305084746
http://www.wikidata.org/entity/Q890297,"[4, 9, 3, 1, 3, 7, 3, 2, 4, 2, 3, 8, 2, 7, 3, 7, 7, 5, 1, 7, 15, 5, 7]",3.1622776601683795,5.0
http://www.wikidata.org/entity/Q8072,"[66, 4, 3, 1, 1, 7, 2, 5, 1, 2, 18, 2, 2, 8, 35, 3, 2, 357, 10, 11, 130, 4, 28, 14, 15, 4, 112, 1, 10, 3, 9, 25, 3, 1, 2, 12, 1, 1, 40, 2, 9, 41, 4, 6, 1, 2, 5, 13, 1, 1, 2, 27, 18, 2, 6, 22, 5, 1, 7, 13, 19, 6, 1, 10, 24, 8, 2, 19, 1, 4, 1, 1, 10, 20, 23, 18, 7, 26, 1, 13, 4, 6, 54, 2, 24]",42.50341895468376,17.023529411764706
http://www.wikidata.org/entity/Q91717,"[1, 11, 21, 1, 1, 3, 2, 1]",6.7903884277705355,5.125
http://www.wikidata.org/entity/Q911871,"[8, 8, 6, 2, 77, 75, 10, 17, 3, 4, 27, 6, 6, 46, 1, 2, 3, 2, 3, 6, 1, 1, 1, 3, 18, 3, 2, 24, 7, 19, 18, 10, 2, 1, 1, 9]",18.087749076838353,12.0
http://www.wikidata.org/entity/Q8690,"[131, 2, 8, 2, 1, 5, 3, 19, 38, 5, 19, 1, 7, 1, 8, 66, 8, 2, 41, 100, 6, 7, 36, 4, 3, 32, 2, 3, 16, 1, 20, 57, 9, 75, 4, 4, 8, 82, 2, 3, 56, 8, 18, 1, 3, 48, 2, 5, 1, 5, 1, 14, 54, 7, 12, 4, 5, 56, 16, 7, 1, 2, 1, 5, 6, 1, 16, 2, 33, 13, 13]",25.6599618884797,17.704225352112676
http://www.wikidata.org/entity/Q870,"[1, 1, 6, 3, 2, 8, 1, 2, 4, 3, 8, 97, 26, 1, 1, 1, 8, 1, 19, 2, 7, 1, 3, 4, 108, 41, 9, 1, 18, 5, 17, 1, 7, 3, 1, 11, 107, 3, 2, 105, 1, 5, 63, 1, 1, 6, 1, 3, 1, 5, 2, 45, 7, 7, 6, 11, 103, 5, 1, 2, 1, 13, 15, 16, 15, 7, 8, 2, 49, 1, 1, 14, 1, 2, 14]",26.495933440603466,14.453333333333333
http://www.wikidata.org/entity/Q98714302,"[3, 5, 30, 5, 4, 4, 5]",9.007933011676826,8.0
http://www.wikidata.org/entity/Q9465,"[2, 8, 1, 7, 1, 13, 10, 2, 5, 2, 1, 4, 2, 4, 29, 16, 30, 73, 6, 9, 24, 6, 30, 2, 9, 11, 4, 8, 1, 2, 77, 25, 1, 3, 16, 9, 1, 1, 6, 1, 10, 1, 1, 1, 2, 2, 3, 1, 46, 4, 17, 1, 9, 17, 22, 8, 14, 1, 17, 3, 1, 17, 12, 12, 2, 3, 2, 2, 7, 1, 26, 1, 41, 2]",14.509090120629928,10.41891891891892
http://www.wikidata.org/entity/Q9603,"[3, 137, 20, 8, 8, 1, 13, 1, 15, 17, 10, 20, 21, 38, 1, 5, 1, 7, 44, 4, 73, 26, 1, 65, 17, 12, 23, 16, 1, 18, 20, 9, 63, 10, 14, 3, 9, 16, 9, 3, 2, 9, 7, 16, 17, 3, 8, 34, 1, 3, 1, 5, 45, 2, 8, 17, 2, 5, 15, 10, 17, 7, 1, 6, 30, 4, 1, 1, 45, 18, 83, 2, 3, 1, 1]",22.211132343939603,16.16
http://www.wikidata.org/entity/Q9570,"[99, 8, 48, 5, 4, 40, 5, 3, 6, 7, 2, 61, 15, 2, 3, 4, 2, 14, 1, 42, 19, 9, 8, 7, 50, 2, 72, 2, 2, 9, 19, 12, 1, 183, 1, 51, 2, 1, 6, 7, 1, 7, 7, 5, 5, 5, 5, 46, 1, 7, 43, 8, 5, 9, 11, 13, 1, 4, 7, 17, 2, 43, 111, 3, 1, 8, 13, 48, 1, 7, 3, 4, 3]",29.609499522963493,17.643835616438356
http://www.wikidata.org/entity/Q873,"[90, 31, 142, 1, 42, 6, 172, 31, 3, 1, 32, 12, 1, 10, 17, 80, 4, 7, 135, 25, 19, 121, 13, 63, 3, 21, 22, 1, 1, 12, 17, 6, 161, 5, 1, 106, 19, 2, 1, 94, 1, 13, 3, 5, 5, 9, 1, 9, 1, 5, 4, 5, 10, 9, 95, 4, 5, 115, 3, 2, 30, 174, 5, 62, 10, 5, 71, 16, 16, 5, 2, 60, 8, 25, 83, 3, 2, 1, 17]",44.419880471752954,30.746835443037973
http://www.wikidata.org/entity/Q9764,"[17, 2, 1, 5, 60, 10, 1, 6, 4, 2, 3, 20, 1, 4, 14, 1, 1, 71, 16, 36, 21, 76, 38, 28, 1, 4, 7, 35, 4, 4, 1, 1, 5, 1, 5, 7, 8, 24, 1, 1, 3, 11, 4, 7, 3, 14, 1, 2, 16, 2, 13, 1, 1, 3, 1, 37, 12, 7, 6, 1, 14, 1, 9]",16.12973354890838,11.365079365079366
http://www.wikidata.org/entity/Q84,"[44, 3, 34, 1, 65, 1, 27, 1, 12, 1, 2, 3, 3, 69, 1, 3, 66, 1, 1, 12, 26, 2, 1, 1, 5, 1, 6, 48, 2, 3, 5, 43, 38, 4, 13, 5, 171, 1, 67, 1, 4, 15, 3, 175, 79, 2, 181, 8, 3, 2, 19, 18, 1, 1, 5, 7, 22, 144, 45, 1, 1, 5, 2, 3, 7, 2, 1, 6, 13, 1, 3, 4, 1, 2, 2, 13, 2, 3, 38, 11, 4, 2, 3, 49, 3, 17, 10, 5, 5, 11, 1, 1, 1, 25, 2, 5, 220, 1, 3, 10, 38, 2, 4, 6, 68, 15, 25, 1, 4, 3, 2, 39, 2, 30, 24, 51, 256, 2, 1, 9, 1, 1, 2, 7, 5, 2, 6, 30, 3, 1, 147, 29, 7, 4, 2, 2, 11, 1, 2, 15, 3, 20, 1, 7, 23, 2, 1, 137, 15, 1, 3, 72, 397, 13, 2, 1, 2, 1, 20, 5, 2, 1, 1, 5, 4]",49.967434757768075,21.96969696969697
http://www.wikidata.org/entity/Q884,"[1, 1, 87, 1, 4, 1, 1, 12, 20, 4, 1, 18, 9, 3, 15, 2, 24, 31, 1, 47, 3, 5, 3, 1, 6, 1, 5, 45, 20, 7, 12, 3, 106, 9, 106, 349, 266, 12, 4, 10, 5, 41, 1, 6, 28, 26, 86, 3, 150, 4, 38, 2, 1, 2, 1, 14, 8, 2, 1, 107, 1, 2, 78, 1, 2, 5, 1, 59, 3, 13, 78, 2, 1, 155, 2, 1, 5, 1, 1, 14, 8, 2, 4, 9, 4, 17, 12, 6, 3, 181, 25, 2, 3, 162, 11, 1, 8, 2, 1, 32, 2, 3, 8, 1, 28, 1, 21, 1, 1, 24, 2, 13, 2, 5, 2, 4, 59, 1, 4, 6, 39, 11, 22, 10, 3, 1, 2, 30, 1, 94, 52, 4, 1, 2, 7, 14, 24, 2, 3, 4, 1, 1, 6, 5, 2, 2, 6]",47.27909166510013,22.020408163265305
